{
    "loss": 3.029869794845581,
    "accuracy": 0.5035971403121948
}