{
    "loss": 17.28476905822754,
    "accuracy": 0.5035971403121948
}